﻿{
    "Author":  "M31",
    "Name":  "調查看看",
    "Punchline":  "繁中版本",
    "Description":  "需要時就調查看看",
    "InternalName":  "PleaseCheckIt",
    "AssemblyVersion":  "4.2.1",
    "ApplicableVersion":  "any",
    "DalamudApiLevel":  12,
    "LoadRequiredState":  0,
    "LoadSync":  false,
    "CanUnloadAsync":  false,
    "LoadPriority":  0,
    "IconUrl":  "https://raw.githubusercontent.com/ichiten-chou/my-dalamud-plugins/main/icon.png",
    "Tags":  [
                 "pvp",
                 "stats",
                 "frontline",
                 "繁中"
             ]
}
