{
    "Author": "M31",
    "Name": "調查看看",
    "Punchline": "繁中版本",
    "Description": "需要時就調查看看",
    "InternalName": "PleaseCheckIt",
    "AssemblyVersion": "1.3",
    "ApplicableVersion": "any",
    "DalamudApiLevel": 12,
    "LoadRequiredState": 0,
    "LoadSync": false,
    "CanUnloadAsync": false,
    "LoadPriority": 0,
    "IconUrl": "https://raw.githubusercontent.com/ichiten-chou/my-dalamud-plugins/main/PleaseCheckIt/icon.png",
    "Tags": [
        "pvp",
        "statistics",
        "player"
    ]
}